{"type": "block", "layer": 6, "block": 0, "features": [{"geom": {"triangles": {"v": [-1375.2098636161536, -1414.5443768065597, 0.0, -1413.2098636161536, -1475.8725018065597, 0.0, -1364.2098636161536, -1554.4506268065597, 0.0, -1089.2098636161536, -1543.3412518065597, 0.0, -1372.2098636161536, -1340.3256268065597, 0.0, -1020.2098636161536, -1471.1537518065597, 0.0, -1319.2098636161536, -1215.7631268065597, 0.0, -953.2098636161536, -1395.9818768065597, 0.0, -928.2098636161536, -1279.9506268065597, 0.0, -1296.2098636161536, -1117.6850018065597, 0.0, -907.2098636161536, -1181.5287518065597, 0.0, -929.2098636161536, -1033.9506268065597, 0.0, -1277.2098636161536, -1032.9037518065597, 0.0, -1290.2098636161536, -967.3725018065597, 0.0, -871.2098636161536, -898.2631268065597, 0.0, -1257.2098636161536, -728.6381268065597, 0.0, -1125.2098636161536, -599.7318768065597, 0.0, -1195.2098636161536, -630.2631268065597, 0.0, -836.2098636161536, -635.3568768065597, 0.0, -1096.2098636161536, -545.4506268065597, 0.0, -844.2098636161536, -555.7318768065597, 0.0, -854.2098636161536, -455.56000180655974, 0.0, -1101.2098636161536, -460.95062680655974, 0.0, -885.2098636161536, -319.85687680655974, 0.0, -934.2098636161536, -279.15375180655974, 0.0, -1145.2098636161536, -346.99750180655974, 0.0, -1132.2098636161536, -294.41937680655974, 0.0, -1133.2098636161536, -226.57562680655974, 0.0, -963.2098636161536, -155.32562680655974, 0.0, -1066.2098636161536, -124.79437680655974, 0.0, -1011.2098636161536, -107.21625180655974, 0.0, -917.2098636161536, -209.60687680655974, 0.0, -1176.2098636161536, -389.48187680655974, 0.0, -1134.2098636161536, -504.74750180655974, 0.0, -1235.2098636161536, -470.82562680655974, 0.0, -1202.2098636161536, -534.6693768065597, 0.0, -800.2098636161536, -729.6225018065597, 0.0, -768.2098636161536, -816.8412518065597, 0.0, -1357.2098636161536, -847.1068768065597, 0.0, -1176.2098636161536, -1623.9193768065597, 0.0, -1311.2098636161536, -1639.8256268065597, 0.0], "f": [0, 1, 2, 3, 0, 2, 3, 4, 0, 5, 4, 3, 5, 6, 4, 6, 5, 7, 6, 7, 8, 9, 6, 8, 9, 8, 10, 11, 9, 10, 12, 9, 11, 11, 13, 12, 14, 13, 11, 14, 15, 13, 15, 14, 16, 15, 16, 17, 18, 16, 14, 18, 19, 16, 20, 19, 18, 21, 19, 20, 22, 19, 21, 23, 22, 21, 22, 23, 24, 24, 25, 22, 24, 26, 25, 27, 26, 24, 28, 27, 24, 29, 27, 28, 30, 29, 28, 31, 28, 24, 25, 32, 22, 32, 33, 22, 32, 34, 33, 33, 34, 35, 36, 18, 14, 36, 14, 37, 38, 13, 15, 3, 2, 39, 39, 2, 40]}, "centroids": [[-1089.487526671961, -923.7689960928692, 0.0]]}, "mtl": {"idx": 0}}, {"geom": {"triangles": {"v": [-1066.2098636161536, -124.79437680655974, 0.0, -1626.2098636161536, 8.86187319344026, 0.0, -1626.2098636161536, -91.85687680655974, 0.0, -1626.2098636161536, 109.58062319344026, 0.0, -1625.2098636161536, 210.29937319344026, 0.0, -1625.2098636161536, 311.01812319344026, 0.0, -1625.2098636161536, 411.73687319344026, 0.0, -1625.2098636161536, 512.4556231934403, 0.0, -1625.2098636161536, 613.1899981934403, 0.0, -1625.2098636161536, 713.9087481934403, 0.0, -1625.2098636161536, 814.6274981934403, 0.0, -1625.2098636161536, 915.3462481934403, 0.0, -1325.2098636161536, 977.8931231934403, 0.0, -1225.2098636161536, 977.6587481934403, 0.0, -1011.2098636161536, -107.21625180655974, 0.0, -1125.2098636161536, 977.4556231934403, 0.0, -1025.2098636161536, 977.6431231934403, 0.0, -925.2098636161536, 982.0024981934403, 0.0, -825.2098636161536, 986.3618731934403, 0.0, -963.2098636161536, -155.32562680655974, 0.0, -917.2098636161536, -209.60687680655974, 0.0, 1117.7901363838464, 502.04937319344026, 0.0, -885.2098636161536, -319.85687680655974, 0.0, 1117.7901363838464, 401.31499819344026, 0.0, 1117.7901363838464, 300.59624819344026, 0.0, 1117.7901363838464, 199.87749819344026, 0.0, 1117.7901363838464, 99.15874819344026, 0.0, 1117.7901363838464, -1.5600018065597396, 0.0, 1117.7901363838464, -77.91937680655974, 0.0, -854.2098636161536, -455.56000180655974, 0.0, -800.2098636161536, -729.6225018065597, 0.0, -768.2098636161536, -816.8412518065597, 0.0, 1257.7901363838464, -1063.6850018065597, 0.0, 1318.7901363838464, -391.51312680655974, 0.0, 1298.7901363838464, -1033.7162518065597, 0.0, 1379.7901363838464, -974.7631268065597, 0.0, 1461.7901363838464, -915.7943768065597, 0.0, 1415.7901363838464, -414.62250180655974, 0.0, 1542.7901363838464, -856.8256268065597, 0.0, 1480.7901363838464, -429.91937680655974, 0.0, 1548.7901363838464, -465.48187680655974, 0.0, 1623.7901363838464, -797.8568768065597, 0.0, 1704.7901363838464, -738.8881268065597, 0.0, 1785.7901363838464, -679.9350018065597, 0.0, 1775.7901363838464, -434.12250180655974, 0.0, 1688.7901363838464, -388.49750180655974, 0.0, 1604.7901363838464, -391.81000180655974, 0.0, 1866.7901363838464, -634.9193768065597, 0.0, 1872.7901363838464, -392.09125180655974, 0.0, 1980.7901363838464, -564.2475018065597, 0.0, 2029.7901363838464, -406.29437680655974, 0.0, 1960.7901363838464, -318.43500180655974, 0.0, 2040.7901363838464, -536.2318768065597, 0.0, 1294.7901363838464, -222.93500180655974, 0.0, 1217.7901363838464, -77.26312680655974, 0.0, 1350.7901363838464, -76.40375180655974, 0.0, 1370.7901363838464, -163.32562680655974, 0.0, 1342.7901363838464, -331.84125180655974, 0.0, -294.2098636161536, -1868.4193768065597, 0.0, 1231.7901363838464, -1161.0443768065597, 0.0, -275.2098636161536, -1906.7475018065597, 0.0, 1206.7901363838464, -1258.4193768065597, 0.0, 1178.7901363838464, -1365.1693768065597, 0.0, 352.7901363838464, -2393.0131268065597, 0.0, 1185.7901363838464, -1465.6537518065597, 0.0, 1192.7901363838464, -1566.1381268065597, 0.0, 1173.7901363838464, -2278.4975018065597, 0.0, 1199.7901363838464, -1666.6225018065597, 0.0, 1205.7901363838464, -1767.1068768065597, 0.0, 1189.7901363838464, -2178.9975018065597, 0.0, 1212.7901363838464, -1867.5912518065597, 0.0, 1205.7901363838464, -2079.4975018065597, 0.0, 1220.7901363838464, -1979.9818768065597, 0.0, 451.7901363838464, -2433.9662518065597, 0.0, 660.7901363838464, -2477.1381268065597, 0.0, 544.7901363838464, -2472.2787518065597, 0.0, 636.7901363838464, -2510.5912518065597, 0.0, 730.7901363838464, -2508.8256268065597, 0.0, 1158.7901363838464, -2377.9975018065597, 0.0, 1142.7901363838464, -2477.4975018065597, 0.0, 780.7901363838464, -2616.4350018065597, 0.0, 1127.7901363838464, -2576.9975018065597, 0.0, 858.7901363838464, -2719.6381268065597, 0.0, 1111.7901363838464, -2676.5131268065597, 0.0, 1096.7901363838464, -2776.0131268065597, 0.0, 855.7901363838464, -2761.3412518065597, 0.0, 909.7901363838464, -2856.8256268065597, 0.0, 1080.7901363838464, -2875.5131268065597, 0.0, 971.7901363838464, -2955.5756268065597, 0.0, 1070.7901363838464, -2941.6850018065597, 0.0, 898.7901363838464, -2944.6693768065597, 0.0, 903.7901363838464, -2965.1537518065597, 0.0, 229.7901363838464, -2438.7787518065597, 0.0, 264.7901363838464, -2436.8256268065597, 0.0, -296.2098636161536, -2006.1537518065597, 0.0, 135.7901363838464, -2473.0912518065597, 0.0, -318.2098636161536, -2104.5756268065597, 0.0, 82.7901363838464, -2492.2943768065597, 0.0, -339.2098636161536, -2154.0131268065597, 0.0, -378.2098636161536, -2246.5131268065597, 0.0, -10.209863616153598, -2564.6537518065597, 0.0, -415.2098636161536, -2420.5131268065597, 0.0, -411.2098636161536, -2521.1537518065597, 0.0, -372.2098636161536, -2618.0287518065597, 0.0, -65.2098636161536, -2649.0287518065597, 0.0, -100.2098636161536, -2703.2787518065597, 0.0, -310.2098636161536, -2738.7318768065597, 0.0, -209.2098636161536, -2802.1381268065597, 0.0, -418.2098636161536, -2339.0287518065597, 0.0, -907.2098636161536, -1181.5287518065597, 0.0, -871.2098636161536, -898.2631268065597, 0.0, -929.2098636161536, -1033.9506268065597, 0.0, -374.2098636161536, -1862.7006268065597, 0.0, -928.2098636161536, -1279.9506268065597, 0.0, -456.2098636161536, -1892.9975018065597, 0.0, -953.2098636161536, -1395.9818768065597, 0.0, -569.2098636161536, -1950.2318768065597, 0.0, -1020.2098636161536, -1471.1537518065597, 0.0, -650.2098636161536, -2006.9975018065597, 0.0, -1089.2098636161536, 