{"type": "block", "layer": 24, "block": 0, "features": [{"geom": {"triangles": {"v": [1273.7901363838464, 837.2056231934403, 0.0, 1139.7901363838464, 801.2524981934403, 0.0, 1132.7901363838464, 779.6743731934403, 0.0, 1181.7901363838464, 848.0024981934403, 0.0, 1141.7901363838464, 819.2368731934403, 0.0, 1158.7901363838464, 680.1743731934403, 0.0, 1350.7901363838464, 834.8149981934403, 0.0, 1475.7901363838464, 644.2212481934403, 0.0, 1496.7901363838464, 688.5649981934403, 0.0, 1412.7901363838464, 836.0181231934403, 0.0, 1484.7901363838464, 857.5962481934403, 0.0, 1563.7901363838464, 750.9087481934403, 0.0, 1539.7901363838464, 864.7837481934403, 0.0, 1597.7901363838464, 812.0337481934403, 0.0, 1581.7901363838464, 849.2056231934403, 0.0, 1171.7901363838464, 609.4556231934403, 0.0, 1196.7901363838464, 547.1274981934403, 0.0, 1330.7901363838464, 488.37749819344026, 0.0, 1416.7901363838464, 502.76812319344026, 0.0, 1475.7901363838464, 591.4712481934403, 0.0, 1463.7901363838464, 542.3306231934403, 0.0, 1243.7901363838464, 495.58062319344026, 0.0], "f": [0, 1, 2, 0, 3, 1, 4, 1, 3, 2, 5, 0, 5, 6, 0, 6, 5, 7, 6, 7, 8, 9, 6, 8, 8, 10, 9, 8, 11, 10, 11, 12, 10, 11, 13, 12, 13, 14, 12, 7, 5, 15, 7, 15, 16, 17, 7, 16, 18, 7, 17, 18, 19, 7, 18, 20, 19, 16, 21, 17]}, "centroids": [[1344.2967767808586, 692.5130125422729, 0.0]]}, "mtl": {"idx": 0}}], "featureCount": 1, "startIndex": 0}